{"cameraMode":{"drawMode":0,"name":"Shaded","section":"Shading Mode"},"sceneLighting":true,"audioPlay":false,"sceneViewState":{"showFog":true,"showMaterialUpdate":false,"showSkybox":true,"showFlares":true,"showImageEffects":true,"showParticleSystems":true},"in2DMode":false,"pivot":{"x":-260.36651611328127,"y":-11.599668502807618,"z":-248.7381134033203},"rotation":{"x":-0.3122088611125946,"y":0.49653947353363039,"z":-0.1973540484905243,"w":-0.7855265140533447},"size":10.0,"orthographic":false}